City	City coordinate location	City GeoNames ID	City QID	County	GeoNames ID	County QID
Alameda	37.763888888889,-122.25694444444	5322737	Q490744	Alameda County	5322745	Q107146
Albany	37.886944444444,-122.29777777778	5322850	Q671480	Contra Costa County	5339268	Q108058
Alhambra	34.081944444444,-118.135	5323060	Q752681	Los Angeles County	5368381	Q104994
Alturas	41.487222222222,-120.5425	5558829	Q446281	Modoc County	5568120	Q109695
Anaheim	33.836111111111,-117.88972222222	5323810	Q49247	Orange County	5379524	Q5925
Anderson	40.452222222222,-122.29666666667	5558857	Q491469	Shasta County	5571096	Q156350
Angels Camp	38.068333333333,-120.53972222222	5324004	Q2603725	Calaveras County	5332628	Q271613
Antioch	38.005,-121.80583333333	5324200	Q495357	Contra Costa County	5339268	Q108058
Apple Valley	34.516666666667,-117.21666666667	5324363	Q621372	San Bernardino County	5391726	Q108053
Arcadia	34.132777777778,-118.03638888889	5324477	Q534536	Los Angeles County	5368381	Q104994
Arcata	40.866388888889,-124.08277777778	5558953	Q631752	Humboldt County	5565500	Q109651
Arroyo Grande	35.120833333333,-120.58666666667	5324802	Q703206	San Luis Obispo County	5392329	Q49014
Arvin	35.209166666667,-118.82833333333	5324903	Q717385	Kern County	5362932	Q108047
Atascadero	35.484166666667,-120.6725	5325111	Q653827	San Luis Obispo County	5392329	Q49014
Atherton	37.458611111111,-122.2	5325147	Q2869080	San Mateo County	5392427	Q108101
Atwater	37.347777777778,-120.60916666667	5325187	Q595806	Merced County	5372259	Q109690
Auburn	38.898611111111,-121.07444444444	5325223	Q758542	Placer County	5383537	Q156353
Avenal	36.03,-120.11	5325327	Q790415	Kings County	5363385	Q156358
Azusa	34.130555555556,-117.90694444444	5325423	Q794396	Los Angeles County	5368381	Q104994
Bakersfield	35.405833333333,-119.01861111111	5325738	Q49256	Kern County	5362932	Q108047
Banning	33.931666666667,-116.8975	5326032	Q806903	Riverside County	5387890	Q108111
Barstow	34.893333333333,-117.01888888889	5326297	Q499174	San Bernardino County	5391726	Q108053
Beaumont	33.924166666667,-116.97361111111	5327098	Q813431	Riverside County	5387890	Q108111
Bell Gardens	33.968055555556,-118.15611111111	5327319	Q815720	Los Angeles County	5368381	Q104994
Belmont	37.518055555556,-122.29166666667	5327455	Q816099	San Mateo County	5392427	Q108101
Belvedere	37.872777777778,-122.46444444444	5327490	Q2054234	Marin County	5370468	Q108117
Benicia	38.063333333333,-122.15611111111	5327550	Q817301	Solano County	5396987	Q108083
Berkeley	37.870277777778,-122.26805555556	5327684	Q484678	Alameda County	5322745	Q107146
Beverly Hills	34.073055555556,-118.39944444444	5328041	Q127856	Los Angeles County	5368381	Q104994
Bishop	37.3635,-118.3951	5328808	Q852658	Inyo County	5359604	Q109670
Blythe	33.610277777778,-114.59638888889	5329649	Q886915	Riverside County	5387890	Q108111
Brawley	32.978611111111,-115.53027777778	5330567	Q902878	Imperial County	5359067	Q169952
Brea	33.923333333333,-117.88888888889	5330582	Q302612	Orange County	5379524	Q5925
Brentwood	37.931944444444,-121.69583333333	5330642	Q846426	Contra Costa County	5339268	Q108058
Bridgeport	38.255833333333,-119.23138888889	5330736	Q913753	Mono County	5374091	Q156366
Brisbane	37.680833333333,-122.41916666667	5330810	Q917671	San Francisco County	5391997	Q13188841
Buena Park	33.856111111111,-118.00416666667	5331575	Q838762	Orange County	5379524	Q5925
Burbank	34.180277777778,-118.32833333333	5331835	Q39561	Los Angeles County	5368381	Q104994
Burlingame	37.583333333333,-122.36361111111	5331920	Q986867	San Mateo County	5392427	Q108101
Calexico	32.678055555556,-115.49777777778	5332698	Q753034	Imperial County	5359067	Q169952
California City	35.125833333333,-117.98583333333	5332748	Q732125	Kern County	5362932	Q108047
Calistoga	38.581388888889,-122.58277777778	5332937	Q983598	Napa County	5376101	Q108137
Camarillo	34.225555555556,-119.03222222222	5333180	Q846040	Ventura County	5405889	Q108127
Campbell	37.283888888889,-121.955	5333689	Q988721	Santa Clara County	5393021	Q110739
Capitola	36.976388888889,-121.95472222222	5334096	Q986894	Santa Cruz County	5393068	Q108122
Carlsbad	33.158267,-117.350996	5334223	Q491099	San Diego County	5391832	Q108143
Carmel	36.555277777778,-121.92333333333	5334320	Q625458	Monterey County	5374376	Q108072
Carson	33.839722222222,-118.25972222222	5334519	Q494690	Los Angeles County	5368381	Q104994
Castro Valley	37.71,-122.06	5334928	Q1020700	Alameda County	5322745	Q107146
Cathedral City	33.807777777778,-116.46472222222	5335006	Q578518	Riverside County	5387890	Q108111
Ceres	37.601388888889,-120.95722222222	5335650	Q594171	Stanislaus County	5398597	Q108503
Chico	39.74,-121.83555555556	5336269	Q432152	Butte County	5332191	Q156181
Chino	34.017777777778,-117.69	5336537	Q506395	San Bernardino County	5391726	Q108053
Chowchilla	37.116666666667,-120.26666666667	5336667	Q985260	Madera County	5369578	Q109661
Chula Vista	32.627777777778,-117.04805555556	5336899	Q49270	San Diego County	5391832	Q108143
Citrus Heights	38.69,-121.29	5337561	Q658402	Sacramento County	5389519	Q108131
Claremont	34.11,-117.71972222222	5337696	Q506398	Los Angeles County	5368381	Q104994
Clayton	37.941111111111,-121.93583333333	5337841	Q948168	Contra Costa County	5339268	Q108058
Clearlake	38.958333333333,-122.62638888889	5337908	Q376246	Lake County	5364466	Q156361
Cloverdale	38.799166666667,-123.01722222222	5338104	Q928609	Sonoma County	5397100	Q108067
Clovis	36.825277777778,-119.70305555556	5338122	Q303794	Fresno County	5350964	Q271915
Coalinga	36.139722222222,-120.36027777778	5338196	Q985263	Fresno County	5350964	Q271915
Colma	37.678888888889,-122.45555555556	5338703	Q987296	San Mateo County	5392427	Q108101
Colton	34.073888888889,-117.31361111111	5338783	Q846606	San Bernardino County	5391726	Q108053
Colusa	39.214444444444,-122.00944444444	5338866	Q2444930	Colusa County	5338872	Q271609
Concord	37.978055555556,-122.03111111111	5339111	Q490441	Contra Costa County	5339268	Q108058
Corcoran	36.098055555556,-119.56027777778	5339539	Q913487	Kings County	5363385	Q156358
Corona	33.866666666667,-117.56666666667	5339631	Q494707	Riverside County	5387890	Q108111
Coronado	32.678055555556,-117.1725	5339663	Q828753	San Diego County	5391832	Q108143
Costa Mesa	33.67,-117.91	5339840	Q499196	Orange County	5379524	Q5925
Cotati	38.327777777778,-122.70916666667	5339865	Q1650450	Sonoma County	5397100	Q108067
Covina	34.091666666667,-117.87916666667	5340175	Q838782	Los Angeles County	5368381	Q104994
Crescent City	41.75611111111111,-124.20166666666667	5562087	Q166866	Del Norte County	5562484	Q156186
Culver City	34.008055555556,-118.40138888889	5341114	Q493378	Los Angeles County	5368381	Q104994
Cypress	33.818333333333,-118.03916666667	5341256	Q685224	Orange County	5379524	Q5925
Daly City	37.686388888889,-122.46833333333	5341430	Q370925	San Mateo County	5392427	Q108101
Davis	38.553888888889,-121.73805555556	5341704	Q668546	Yolo County	5410882	Q109709
Delano	35.768888888889,-119.24694444444	5342485	Q775868	Kern County	5362932	Q108047
Del Rey Oaks	36.593333333333,-121.835	5342441	Q2258788	Monterey County	5374376	Q108072
Desert Hot Springs	33.961111111111,-116.50805555556	5342710	Q573096	Riverside County	5387890	Q108111
Dinuba	36.545,-119.39	5343171	Q986906	Tulare County	5403789	Q109686
Dixon	38.449108,-121.826872	5343303	Q986903	Solano County	5396987	Q108083
Dos Palos	36.985002777778,-120.62438888889	5343728	Q986878	Merced County	5372259	Q109690
Downey	33.938055555556,-118.13083333333	5343858	Q488946	Los Angeles County	5368381	Q104994
Downieville	39.5675,-120.81222222222	5343876	Q2261383	Sierra County	5395582	Q156370
East Palo Alto	37.47,-122.13	5345032	Q988697	San Mateo County	5392427	Q108101
El Cajon	32.798333333333,-116.96	5345529	Q369947	San Diego County	5391832	Q108143
El Centro	32.792,-115.5630514	5345609	Q495369	Imperial County	5359067	Q169952
El Cerrito	37.915833333333,-122.31166666667	5345623	Q996569	Contra Costa County	5339268	Q108058
Elk Grove	38.438333333333,-121.38194444444	5346111	Q671314	Sacramento County	5389519	Q108131
El Monte	34.073333333333,-118.0275	5345743	Q595550	Los Angeles County	5368381	Q104994
El Segundo	33.919147222222,-118.41553611111	5345860	Q983859	Los Angeles County	5368381	Q104994
Emeryville	37.831388888889,-122.28527777778	5346462	Q499178	Alameda County	5322745	Q107146
Escalon	37.791666666667,-120.99166666667	5346811	Q3057873	San Joaquin County	5392126	Q108499
Escondido	33.124722,-117.080833	5346827	Q372454	San Diego County	5391832	Q108143
Etna	41.457222222222,-122.89694444444	5563382	Q542603	Siskiyou County	5571369	Q156374
Eureka	40.801944444444,-124.16361111111	5563397	Q488702	Humboldt County	5565500	Q109651
Exeter	36.294166666667,-119.14277777778	5347239	Q986815	Tulare County	5403789	Q109686
Fairfax	37.987222222222,-122.58888888889	5347322	Q2108879	Marin County	5370468	Q108117
Fairfield	38.257777777778,-122.05416666667	5347335	Q323432	Solano County	5396987	Q108083
Farmersville	36.301111111111,-119.2075	5347742	Q986808	Tulare County	5403789	Q109686
Ferndale	40.576666666667,-124.26333333333	5563573	Q3069604	Humboldt County	5565500	Q109651
Firebaugh	36.858888888889,-120.45611111111	5348299	Q1705364	Fresno County	5350964	Q271915
Folsom	38.672222222222,-121.15777777778	5349705	Q984155	Sacramento County	5389519	Q108131
Fontana	34.1,-117.46666666667	5349755	Q491128	San Bernardino County	5391726	Q108053
Fort Bragg	39.445833333333,-123.80527777778	5350039	Q579180	Mendocino County	5372163	Q108087
Fortuna	40.598055555556,-124.15722222222	5563839	Q509604	Humboldt County	5565500	Q109651
Foster City	37.551388888889,-122.26638888889	5350159	Q988691	San Mateo County	5392427	Q108101
Fountain Valley	33.708618,-117.956295	5350207	Q838769	Orange County	5379524	Q5925
Fowler	36.633333333333,-119.68333333333	5350351	Q1705361	Fresno County	5350964	Q271915
Fremont	37.543055555556,-121.98277777778	5350734	Q49220	Alameda County	5322745	Q107146
French Camp	37.8825,-121.27972	5350821	Q600331	San Joaquin County	5392126	Q108499
Fresno	36.781666666667,-119.79222222222	5350937	Q43301	Fresno County	5350964	Q271915
Fullerton	33.88,-117.92861111111	5351247	Q494723	Orange County	5379524	Q5925
Galt	38.260833333333,-121.30305555556	5351428	Q985262	Sacramento County	5389519	Q108131
Gardena	33.893611111111,-118.30777777778	5351549	Q846409	Los Angeles County	5368381	Q104994
Garden Grove	33.778889,-117.960278	5351515	Q50054	Orange County	5379524	Q5925
Gilroy	37.011944444444,-121.58	5352214	Q837097	Santa Clara County	5393021	Q110739
Glendale	34.170833333333,-118.25	5352423	Q485716	Los Angeles County	5368381	Q104994
Glendora	34.130833333333,-117.85416666667	5352439	Q851041	Los Angeles County	5368381	Q104994
Gonzales	36.506666666667,-121.44444444444	5352997	Q862689	Monterey County	5374376	Q108072
Grass Valley	39.219167,-121.058333	5353775	Q834337	Nevada County	5376509	Q109681
Greenfield	36.320833333333,-121.24388888889	5354172	Q983596	Monterey County	5374376	Q108072
Gridley	39.363888888889,-121.69361111111	5354307	Q2709827	Butte County	5332191	Q156181
Grover Beach	35.120833333333,-120.61944444444	5354552	Q986934	San Luis Obispo County	5392329	Q49014
Guadalupe	34.965555555556,-120.57305555556	5354591	Q24335	Santa Barbara County	5392967	Q108106
Gustine	37.257777777778,-120.99888888889	5354747	Q2295402	Merced County	5372259	Q109690
Hanford	36.3275,-119.64555555556	5355180	Q375185	Kings County	5363385	Q156358
Hawthorne	33.917214,-118.348607	5355828	Q688596	Los Angeles County	5368381	Q104994
Hayward	37.668888888889,-122.08083333333	5355933	Q491114	Alameda County	5322745	Q107146
Healdsburg	38.6175,-122.86638888889	5356012	Q852598	Sonoma County	5397100	Q108067
Hemet	33.741944444444,-116.98305555556	5356277	Q948188	Riverside County	5387890	Q108111
Hercules	38.017222222222,-122.28861111111	5356451	Q948140	Contra Costa County	5339268	Q108058
Hermosa Beach	33.866388888889,-118.39972222222	5356521	Q828712	Los Angeles County	5368381	Q104994
Hillsborough	37.560277777778,-122.35638888889	5357155	Q1011171	San Mateo County	5392427	Q108101
Hollister	36.84694,-121.39806	5357499	Q936919	San Benito County	5391692	Q109656
Huntington Beach	33.692777777778,-117.99972222222	5358705	Q5917	Orange County	5379524	Q5925
Huntington Park	33.9825,-118.2175	5358736	Q851027	Los Angeles County	5368381	Q104994
Huron	36.202777777778,-120.10305555556	5358769	Q2649652	Fresno County	5350964	Q271915
Imperial	32.8475,-115.56944444444	5359052	Q930766	Imperial County	5359067	Q169952
Indio	33.72,-116.23194444444	5359446	Q838789	Riverside County	5387890	Q108111
Inglewood	33.9575,-118.34611111111	5359488	Q621549	Los Angeles County	5368381	Q104994
Ione	38.352777777778,-120.93277777778	5359634	Q953598	Amador County	5323622	Q156177
Irvine	33.684166666667,-117.7925	5359777	Q49219	Orange County	5379524	Q5925
Irwindale	34.1125,-117.96444444444	5359817	Q984171	Los Angeles County	5368381	Q104994
Jackson	38.348888888889,-120.77416666667	5360160	Q1966879	Amador County	5323622	Q156177
Kensington	37.910555555556,-122.28027777778	5362849	Q3296036	Contra Costa County	5339268	Q108058
Kentfield	37.95139,-122.54694	5362864	Q2450147	Marin County	5370468	Q108117
Kerman	36.723611111111,-120.06	5362909	Q984605	Fresno County	5350964	Q271915
King City	36.212777777778,-121.12611111111	5363208	Q862700	Monterey County	5374376	Q108072
Kingsburg	36.518333333333,-119.55333333333	5363429	Q779614	Fresno County	5350964	Q271915
Laguna Beach	33.533333333333,-117.76666666667	5364275	Q1908566	Orange County	5379524	Q5925
La Habra	33.931944444444,-117.94611111111	5363922	Q948071	Orange County	5379524	Q5925
Lakeport	39.043055555556,-122.91583333333	5364753	Q1960647	Lake County	5364466	Q156361
La Mesa	32.771388888889,-117.02277777778	5363990	Q850929	San Diego County	5391832	Q108143
La Palma	33.849444444444,-118.04388888889	5364022	Q595175	Orange County	5379524	Q5925
Larkspur	37.934166666667,-122.53527777778	5365113	Q984595	Marin County	5370468	Q108117
La Verne	34.114444444444,-117.77138888889	5364134	Q985347	Los Angeles County	5368381	Q104994
Lemoore	36.303888888889,-119.78638888889	5365918	Q986940	Kings County	5363385	Q156358
Lincoln	38.887222222222,-121.29611111111	5366375	Q966492	Placer County	5383537	Q156353
Lindsay	36.2,-119.08333333333	5366604	Q984167	Tulare County	5403789	Q109686
Livermore	37.685555555556,-121.76416666667	5367440	Q138901	Alameda County	5322745	Q107146
Livingston	37.386944444444,-120.72361111111	5367427	Q986871	Merced County	5372259	Q109690
Lodi	38.128888888889,-121.28083333333	5367565	Q852647	San Joaquin County	5392126	Q108499
Lompoc	34.646111111111,-120.46027777778	5367788	Q852704	Santa Barbara County	5392967	Q108106
Long Beach	33.768321,-118.1956168	5367929	Q16739	Los Angeles County	5368381	Q104994
Los Alamitos	33.802222222222,-118.06444444444	5368304	Q948059	Orange County	5379524	Q5925
Los Altos	37.3681,-122.098	5368335	Q864124	Santa Clara County	5393021	Q110739
Los Angeles	34.05223,-118.24368	5368361	Q65	Los Angeles County	5368381	Q104994
Los Banos	37.058333333333,-120.85	5368453	Q590932	Merced County	5372259	Q109690
Los Gatos	37.236111111111,-121.96166666667	5368518	Q747509	Santa Clara County	5393021	Q110739
Madera	36.961388888889,-120.06083333333	5369568	Q851000	Madera County	5369578	Q109661
Mammoth Lakes	37.648611111111,-118.97194444444	5370006	Q983604	Mono County	5374091	Q156366
Manhattan Beach	33.888888888889,-118.40527777778	5370082	Q568610	Los Angeles County	5368381	Q104994
Manteca	37.802777777778,-121.22083333333	5370164	Q986109	San Joaquin County	5392126	Q108499
Marina	36.684444444444,-121.80222222222	5370493	Q985077	Monterey County	5374376	Q108072
Markleeville	38.695,-119.78027777778	5370687	Q1019532	Alpine County	5323414	Q108077
Martinez	38.019444444444,-122.13416666667	5370868	Q506439	Contra Costa County	5339268	Q108058
Marysville	39.145833333333,-121.59138888889	5370984	Q950966	Yuba County	5411026	Q196014
McClellan Park	38.6622,-121.402	7315199	Q9385088	Sacramento County	5389519	Q108131
McFarland	35.678055555556,-119.22916666667	5371530	Q977395	Kern County	5362932	Q108047
Mendota	36.753611111111,-120.38166666667	5372190	Q984601	Fresno County	5350964	Q271915
Menifee	33.678333333333,-117.16694444444	5372205	Q3476276	Riverside County	5387890	Q108111
Menlo Park	37.454166666667,-122.17861111111	5372223	Q74195	San Mateo County	5392427	Q108101
Merced	37.302222222222,-120.48305555556	5372253	Q499189	Merced County	5372259	Q109690
Mill Valley	37.906111111111,-122.545	5373121	Q846413	Marin County	5370468	Q108117
Milpitas	37.434722222222,-121.895	5373327	Q927510	Santa Clara County	5393021	Q110739
Mission Viejo	33.612778,-117.656111	5373763	Q506428	Orange County	5379524	Q5925
Modesto	37.661388888889,-120.99444444444	5373900	Q204561	Stanislaus County	5398597	Q108503
Monrovia	34.143611111111,-118.00194444444	5374175	Q926988	Los Angeles County	5368381	Q104994
Montclair	34.070833333333,-117.6975	5374232	Q853691	San Bernardino County	5391726	Q108053
Montebello	34.0154447,-118.1107855	5374322	Q664503	Los Angeles County	5368381	Q104994
Monterey	36.60024,-121.89468	5374361	Q487315	Monterey County	5374376	Q108072
Monterey Park	34.049166666667,-118.13555555556	5374406	Q927213	Los Angeles County	5368381	Q104994
Moraga	37.835,-122.12972222222	5374671	Q594122	Contra Costa County	5339268	Q108058
Morgan Hill	37.130555555556,-121.65444444444	5374764	Q609084	Santa Clara County	5393021	Q110739
Morro Bay	35.379166666667,-120.85333333333	5374920	Q605491	San Luis Obispo County	5392329	Q49014
Mountain View	37.392777777778,-122.04194444444	5375480	Q486860	Santa Clara County	5393021	Q110739
Mt. Shasta	41.314444444444,-122.31138888889	5568295	Q987106	Siskiyou County	5571369	Q156374
Murrieta	33.569444444444,-117.2025	5375911	Q838787	Riverside County	5387890	Q108111
Napa	38.3,-122.3	5376095	Q60537	Napa County	5376101	Q108137
National City	32.678055555556,-117.09916666667	5376200	Q430316	San Diego County	5391832	Q108143
Nevada City	39.261388888889,-121.01861111111	5376502	Q667268	Nevada County	5376509	Q109681
Newark	37.533333333333,-122.03333333333	5376803	Q850812	Alameda County	5322745	Q107146
Newman	37.315,-121.0225	5376870	Q2836799	Stanislaus County	5398597	Q108503
Newport Beach	33.616666666667,-117.8975	5376890	Q268873	Orange County	5379524	Q5925
Northridge	34.22833,-118.53583	5377985	Q2050326	Los Angeles County	5368381	Q104994
Novato	38.1075,-122.56972222222	5378044	Q851004	Marin County	5370468	Q108117
Oakdale	37.769166666667,-120.85694444444	5378500	Q984607	Stanislaus County	5398597	Q108503
Oakland	37.8,-122.25	5378538	Q17042	Alameda County	5322745	Q107146
Oakley	37.9975,-121.7125	5378566	Q950912	Contra Costa County	5339268	Q108058
Oceanside	33.211666666667,-117.32583333333	5378771	Q488924	San Diego County	5391832	Q108143
Ontario	34.052777777778,-117.62777777778	5379439	Q488134	San Bernardino County	5391726	Q108053
Orange	33.803055555556,-117.8325	5379513	Q491350	Orange County	5379524	Q5925
Orange Cove	36.624444444444,-119.31361111111	5379533	Q83845	Fresno County	5350964	Q271915
Orinda	37.882777777778,-122.17972222222	5379678	Q206464	Contra Costa County	5339268	Q108058
Orland	39.7475,-122.19638888889	5379698	Q2679379	Glenn County	5352462	Q271601
Oroville	39.513888888889,-121.3925	5379759	Q850972	Butte County	5332191	Q156181
Oxnard	34.191388888889,-119.1825	5380184	Q209338	Ventura County	5405889	Q108127
Pacifica	37.622777777778,-122.48555555556	5380420	Q925925	San Mateo County	5392427	Q108101
Pacific Grove	36.619166666667,-121.92111111111	5380437	Q117514	Monterey County	5374376	Q108072
Palm Springs	33.823888888889,-116.53027777778	5380668	Q488004	Riverside County	5387890	Q108111
Palo Alto	37.429166666667,-122.13805555556	5380748	Q47265	Santa Clara County	5393021	Q110739
Palos Verdes Estates	33.786944444444,-118.39666666667	5380883	Q948149	Los Angeles County	5368381	Q104994
Paradise	39.759722222222,-121.62138888889	5381002	Q387183	Butte County	5332191	Q156181
Pasadena	34.156111111111,-118.13194444444	5381396	Q485176	Los Angeles County	5368381	Q104994
Paso Robles	35.63,-120.66	5381438	Q586528	San Luis Obispo County	5392329	Q49014
Petaluma	38.245833333333,-122.63138888889	5382232	Q720087	Sonoma County	5397100	Q108067
Piedmont	37.824444444444,-122.23166666667	5382514	Q570301	Alameda County	5322745	Q107146
Pinole	38.004444444444,-122.29111111111	5383187	Q629763	Contra Costa County	5339268	Q108058
Pismo Beach	35.148333333333,-120.64805555556	5383431	Q570287	San Luis Obispo County	5392329	Q49014
Pittsburg	38.028055555556,-121.88472222222	5383465	Q281248	Contra Costa County	5339268	Q108058
Placentia	33.8825,-117.855	5383527	Q864130	Orange County	5379524	Q5925
Placerville	38.729722222222,-120.79861111111	5383559	Q927485	El Dorado County	5345659	Q108093
Pleasant Hill	37.948055555556,-122.0525	5383720	Q950926	Contra Costa County	5339268	Q108058
Pleasanton	37.6725,-121.8825	5383777	Q747444	Alameda County	5322745	Q107146
Pomona	34.060833333333,-117.75583333333	5384170	Q486868	Los Angeles County	5368381	Q104994
Porterville	36.068611111111,-119.0275	5384471	Q927173	Tulare County	5403789	Q109686
Port Hueneme	34.160277777778,-119.19444444444	5384339	Q983853	Ventura County	5405889	Q108127
Quincy	39.93611,-120.94778	5385487	Q1979185	Plumas County	5383832	Q156342
Rancho Cucamonga	34.123333333333,-117.57944444444	5385955	Q495365	San Bernardino County	5391726	Q108053
Red Bluff	40.176666666667,-122.23805555556	5570065	Q546468	Tehama County	5572575	Q109705
Redding	40.576666666667,-122.37027777778	5570160	Q495361	Shasta County	5571096	Q156350
Redlands	34.054722222222,-117.1825	5386754	Q753830	San Bernardino County	5391726	Q108053
Redondo Beach	33.856388888889,-118.37694444444	5386785	Q840678	Los Angeles County	5368381	Q104994
Redwood City	37.482777777778,-122.23611111111	5386834	Q505549	San Mateo County	5392427	Q108101
Reedley	36.596388888889,-119.45027777778	5386984	Q984609	Fresno County	5350964	Q271915
Rialto	34.111388888889,-117.3825	5387288	Q289661	San Bernardino County	5391726	Q108053
Richmond	37.935833333333,-122.34777777778	5387428	Q495377	Contra Costa County	5339268	Q108058
Ridgecrest	35.6225,-117.67083333333	5387494	Q862704	Kern County	5362932	Q108047
Rio Dell	40.499166666667,-124.10638888889	5570299	Q2544177	Humboldt County	5565500	Q109651
Ripon	37.740555555556,-121.12833333333	5387749	Q986098	San Joaquin County	5392126	Q108499
Riverside	33.98222222222222,-117.3725	5387877	Q49243	Riverside County	5387890	Q108111
Rocklin	38.8,-121.24666666667	5388319	Q984599	Placer County	5383537	Q156353
Rohnert Park	38.347222222222,-122.69527777778	5388564	Q986835	Sonoma County	5397100	Q108067
Roseville	38.7525,-121.28944444444	5388881	Q491340	Placer County	5383537	Q156353
Ross	37.9625,-122.555	5388907	Q2747056	Marin County	5370468	Q108117
Sacramento	38.575277777778,-121.48611111111	5389489	Q18013	Sacramento County	5389519	Q108131
Saint Helena	38.502777777778,-122.46972222222	5390267	Q125733	Napa County	5376101	Q108137
San Andreas	38.196111111111,-120.68055555556	5391597	Q2371380	Calaveras County	5332628	Q271613
San Bernardino	34.129444444444,-117.29305555556	5391710	Q486168	San Bernardino County	5391726	Q108053
San Bruno	37.625277777778,-122.42527777778	5391749	Q667738	San Mateo County	5392427	Q108101
Sand City	36.617222222222,-121.84833333333	5392729	Q2262091	Monterey County	5374376	Q108072
San Diego	32.715,-117.1625	5391811	Q16552	San Diego County	5391832	Q108143
San Fernando	34.287222222222,-118.43888888889	5391945	Q846406	Los Angeles County	5368381	Q104994
San Francisco	37.7775,-122.41638888888889	5391959	Q62	San Francisco County	5391997	Q13188841
San Gabriel	34.15,-118.18194444444	5392034	Q953437	Los Angeles County	5368381	Q104994
Sanger	36.708055555556,-119.55583333333	5392868	Q174427	Fresno County	5350964	Q271915
San Jose	37.304166666667,-121.87277777778	5392171	Q16553	Santa Clara County	5393021	Q110739
San Leandro	37.725,-122.15611111111	5392263	Q851034	Alameda County	5322745	Q107146
San Luis Obispo	35.274166666667,-120.66305555556	5392323	Q49012	San Luis Obispo County	5392329	Q49014
San Marcos	33.141944444444,-117.17027777778	5392368	Q506411	San Diego County	5391832	Q108143
San Marino	34.122777777778,-118.11305555556	5392400	Q850869	Los Angeles County	5368381	Q104994
San Mateo	37.554166666667,-122.31305555556	5392423	Q169943	San Mateo County	5392427	Q108101
San Pablo	37.962222222222,-122.34555555556	5392508	Q983863	Contra Costa County	5339268	Q108058
San Rafael	37.973611111111,-122.53111111111	5392567	Q631915	Marin County	5370468	Q108117
San Ramon	37.78,-121.97805555556	5392593	Q605472	Contra Costa County	5339268	Q108058
Santa Ana	33.740833333333,-117.88138888889	5392900	Q49244	Orange County	5379524	Q5925
Santa Barbara	34.425833333333,-119.71416666667	5392952	Q159288	Santa Barbara County	5392967	Q108106
Santa Clara	37.35,-121.96666666667	5393015	Q159260	Santa Clara County	5393021	Q110739
Santa Cruz	36.97205,-122.026252	5393052	Q159232	Santa Cruz County	5393068	Q108122
Santa Fe Springs	33.9375,-118.06722222222	5393128	Q948045	Los Angeles County	5368381	Q104994
Santa Maria	34.951388888889,-120.43333333333	5393180	Q643953	Santa Barbara County	5392967	Q108106
Santa Monica	34.021944444444,-118.48138888889	5393212	Q47164	Los Angeles County	5368381	Q104994
Santa Paula	34.355833333333,-119.06833333333	5393245	Q985348	Ventura County	5405889	Q108127
Santa Rosa	38.448611111111,-122.70472222222	5393287	Q212991	Sonoma County	5397100	Q108067
Saratoga	37.2725,-122.01944444444	5393485	Q927163	Santa Clara County	5393021	Q110739
Sausalito	37.857777777778,-122.49027777778	5393611	Q828729	Marin County	5370468	Q108117
Scotts Valley	37.051388888889,-122.01333333333	5393971	Q598266	Santa Cruz County	5393068	Q108122
Seal Beach	33.759166666667,-118.0825	5394086	Q593039	Orange County	5379524	Q5925
Seaside	36.611111111111,-121.84472222222	5394136	Q986900	Monterey County	5374376	Q108072
Sebastopol	38.399166666667,-122.82694444444	5394165	Q985264	Sonoma County	5397100	Q108067
Selma	36.570833333333,-119.61194444444	5394329	Q983593	Fresno County	5350964	Q271915
Shafter	35.500555555556,-119.27166666667	5394842	Q985258	Kern County	5362932	Q108047
Sierra Madre	34.164722222222,-118.05083333333	5395622	Q174026	Los Angeles County	5368381	Q104994
Signal Hill	33.79935,-118.16558	5395754	Q985349	Los Angeles County	5368381	Q104994
Simi Valley	34.270833,-118.739167	5396003	Q323414	Ventura County	5405889	Q108127
Soledad	36.424722222222,-121.32638888889	5397018	Q985256	Monterey County	5374376	Q108072
Sonoma	38.288888888889,-122.45888888889	5397095	Q11592	Sonoma County	5397100	Q108067
Sonora	37.984444444444,-120.38166666667	5397165	Q953567	Tuolumne County	5403973	Q156346
South Gate	33.944166666667,-118.195	5397603	Q838772	Los Angeles County	5368381	Q104994
South Lake Tahoe	38.94,-119.97694444444	5397664	Q983602	El Dorado County	5345659	Q108093
South Pasadena	34.113055555556,-118.15583333333	5397717	Q852581	Los Angeles County	5368381	Q104994
South San Francisco	37.656111111111,-122.42555555556	5397765	Q927122	San Mateo County	5392427	Q108101
Stockton	37.975555555556,-121.30083333333	5399020	Q49240	San Joaquin County	5392126	Q108499
Suisun City	38.245,-122.01694444444	5340970	Q204087	Solano County	5396987	Q108083
Sunnyvale	37.368888888889,-122.03694444444	5400075	Q208459	Santa Clara County	5393021	Q110739
Susanville	40.417222222222,-120.64611111111	5572400	Q629584	Lassen County	5566544	Q156340
Taft	35.1425,-119.45638888889	5400877	Q983611	Kern County	5362932	Q108047
Tehachapi	35.132222222222,-118.44888888889	5401297	Q985253	Kern County	5362932	Q108047
Tiburon	37.873611111111,-122.45666666667	5402535	Q984603	Marin County	5370468	Q108117
Torrance	33.8358492,-118.3406288	5403022	Q489197	Los Angeles County	5368381	Q104994
Tracy	37.738055555556,-121.43388888889	5403191	Q953409	San Joaquin County	5392126	Q108499
Truckee	39.342222222222,-120.20361111111	5403676	Q506402	Nevada County	5376509	Q109681
Tulare	36.206666666667,-119.3425	5403783	Q616562	Tulare County	5403789	Q109686
Turlock	37.505833333333,-120.84888888889	5404024	Q1011205	Stanislaus County	5398597	Q108503
Tustin	33.739722222222,-117.81361111111	5404119	Q917513	Orange County	5379524	Q5925
Ukiah	39.148888888889,-123.20861111111	5404476	Q837105	Mendocino County	5372163	Q108087
Union City	37.596388888889,-122.04833333333	5404555	Q846402	Alameda County	5322745	Q107146
Upland	34.0999,-117.647	5404915	Q747466	San Bernardino County	5391726	Q108053
Vacaville	38.353888888889,-121.97277777778	5405228	Q850823	Solano County	5396987	Q108083
Vallejo	38.104088,-122.256638	5405380	Q208445	Solano County	5396987	Q108083
Ventura	34.26778,-119.254206	5405878	Q490434	Ventura County	5405889	Q108127
Vernon	34.001111111111,-118.21111111111	5406001	Q934111	Los Angeles County	5368381	Q104994
Victorville	34.536111111111,-117.28833333333	5406222	Q495353	San Bernardino County	5391726	Q108053
Visalia	36.33027777777778,-119.2925	5406567	Q495373	Tulare County	5403789	Q109686
Walnut Creek	37.9063131,-122.064963	5406990	Q493261	Contra Costa County	5339268	Q108058
Watsonville	36.92,-121.76361111111	5407529	Q913543	Santa Cruz County	5393068	Q108122
Weaverville	40.7367,-122.936	5573443	Q3027750	Trinity County	5553701	Q156188
Weed	41.424166666667,-122.38444444444	5573449	Q985254	Siskiyou County	5571369	Q156374
West Covina	34.056666666667,-117.91861111111	5407933	Q494728	Los Angeles County	5368381	Q104994
Westminster	33.751388888889,-117.99388888889	5408406	Q838759	Orange County	5379524	Q5925
West Sacramento	38.571111111111,-121.53916666667	5408211	Q983600	Yolo County	5410882	Q109709
Wheatland	39.01,-121.42305555556	5408617	Q2370501	Yuba County	5411026	Q196014
Whittier	33.965555555556,-118.02444444444	5409059	Q838791	Los Angeles County	5368381	Q104994
Williams	39.154722222222,-122.14944444444	5409417	Q2685585	Colusa County	5338872	Q271609
Willits	39.409722222222,-123.35555555556	5409500	Q2334435	Mendocino County	5372163	Q108087
Windsor	38.546111111111,-122.80527777778	5410004	Q986852	Sonoma County	5397100	Q108067
Winters	38.525,-121.97083333333	5410125	Q986857	Yolo County	5410882	Q109709
Woodland	38.678611111111,-121.77333333333	5410430	Q837129	Yolo County	5410882	Q109709
Yreka	41.726666666667,-122.6375	5574093	Q2565455	Siskiyou County	5571369	Q156374
Yuba City	39.134722222222,-121.62611111111	5411015	Q169948	Sutter County	5400390	Q156377
